{"cameraMode":{"drawMode":0,"name":"Shaded","section":"Shading Mode"},"sceneLighting":false,"audioPlay":false,"sceneViewState":{"showFog":true,"showMaterialUpdate":true,"showSkybox":true,"showFlares":true,"showImageEffects":true,"showParticleSystems":true},"in2DMode":false,"pivot":{"x":0.7570935487747192,"y":0.3497171700000763,"z":0.25312280654907229},"rotation":{"x":0.01191574428230524,"y":-0.9448129534721375,"z":-0.034570686519145969,"w":-0.3255631923675537},"size":3.5849430561065676,"orthographic":false}