{"cameraMode":{"drawMode":0,"name":"Shaded","section":"Shading Mode"},"sceneLighting":false,"audioPlay":false,"sceneViewState":{"showFog":true,"showMaterialUpdate":true,"showSkybox":true,"showFlares":true,"showImageEffects":true,"showParticleSystems":true},"in2DMode":false,"pivot":{"x":-0.14399999380111695,"y":0.2525399923324585,"z":0.039000000804662707},"rotation":{"x":-0.07325289398431778,"y":-0.8404415845870972,"z":0.11751341819763184,"w":-0.5239109396934509},"size":0.16962718963623048,"orthographic":false}