{"cameraMode":{"drawMode":0,"name":"Shaded","section":"Shading Mode"},"sceneLighting":false,"audioPlay":false,"sceneViewState":{"showFog":true,"showMaterialUpdate":false,"showSkybox":true,"showFlares":true,"showImageEffects":true,"showParticleSystems":true},"in2DMode":false,"pivot":{"x":-18.274385452270509,"y":0.9096421599388123,"z":4.083065986633301},"rotation":{"x":0.05856989696621895,"y":0.7499756813049316,"z":-0.06701917201280594,"w":0.6554498076438904},"size":2.4373159408569338,"orthographic":false}