{"cameraMode":{"drawMode":0,"name":"Shaded","section":"Shading Mode"},"sceneLighting":false,"audioPlay":false,"sceneViewState":{"showFog":true,"showMaterialUpdate":false,"showSkybox":true,"showFlares":true,"showImageEffects":true,"showParticleSystems":true},"in2DMode":false,"pivot":{"x":-8.154669761657715,"y":0.7577590942382813,"z":-5.044353485107422},"rotation":{"x":0.027421606704592706,"y":0.8634113669395447,"z":-0.04721054062247276,"w":0.5015377402305603},"size":4.593834400177002,"orthographic":false}