{"cameraMode":{"drawMode":0,"name":"Shaded","section":"Shading Mode"},"sceneLighting":true,"audioPlay":false,"sceneViewState":{"showFog":true,"showMaterialUpdate":false,"showSkybox":true,"showFlares":true,"showImageEffects":true,"showParticleSystems":true},"in2DMode":false,"pivot":{"x":1.8333027362823487,"y":4.942448139190674,"z":0.0000034868717193603517},"rotation":{"x":0.22682420909404756,"y":0.46071991324424746,"z":-0.12305987626314163,"w":0.8492021560668945},"size":17.80257797241211,"orthographic":false}