{"cameraMode":{"drawMode":0,"name":"Shaded","section":"Shading Mode"},"sceneLighting":false,"audioPlay":false,"sceneViewState":{"showFog":true,"showMaterialUpdate":false,"showSkybox":true,"showFlares":true,"showImageEffects":true,"showParticleSystems":true},"in2DMode":false,"pivot":{"x":-18.156063079833986,"y":1.0915706157684327,"z":0.08367913961410523},"rotation":{"x":0.05856989696621895,"y":0.7499756813049316,"z":-0.06701917201280594,"w":0.6554498076438904},"size":5.589840412139893,"orthographic":false}