{"cameraMode":{"drawMode":0,"name":"Shaded","section":"Shading Mode"},"sceneLighting":false,"audioPlay":false,"sceneViewState":{"showFog":true,"showMaterialUpdate":false,"showSkybox":true,"showFlares":true,"showImageEffects":true,"showParticleSystems":true},"in2DMode":false,"pivot":{"x":-7.304567337036133,"y":-0.06715238094329834,"z":-2.2535176277160646},"rotation":{"x":0.042413271963596347,"y":0.9538788795471191,"z":-0.1626848429441452,"w":0.24869653582572938},"size":5.551658630371094,"orthographic":false}