{"cameraMode":{"drawMode":0,"name":"Shaded","section":"Shading Mode"},"sceneLighting":true,"audioPlay":false,"sceneViewState":{"showFog":true,"showMaterialUpdate":false,"showSkybox":true,"showFlares":true,"showImageEffects":true,"showParticleSystems":true},"in2DMode":false,"pivot":{"x":1.864715814590454,"y":4.942448139190674,"z":-1.4845950603485108},"rotation":{"x":0.0025441301986575128,"y":-0.9683625102043152,"z":0.24933911859989167,"w":0.009879890829324723},"size":20.92391586303711,"orthographic":false}