{"cameraMode":{"drawMode":0,"name":"Shaded","section":"Shading Mode"},"sceneLighting":false,"audioPlay":false,"sceneViewState":{"showFog":true,"showMaterialUpdate":false,"showSkybox":true,"showFlares":true,"showImageEffects":true,"showParticleSystems":true},"in2DMode":false,"pivot":{"x":-15.26166820526123,"y":0.6600009799003601,"z":6.093318462371826},"rotation":{"x":0.05856989696621895,"y":0.7499756813049316,"z":-0.06701917201280594,"w":0.6554498076438904},"size":4.658199787139893,"orthographic":false}