{"cameraMode":{"drawMode":0,"name":"Shaded","section":"Shading Mode"},"sceneLighting":true,"audioPlay":false,"sceneViewState":{"showFog":true,"showMaterialUpdate":false,"showSkybox":true,"showFlares":true,"showImageEffects":true,"showParticleSystems":true},"in2DMode":false,"pivot":{"x":5.494999885559082,"y":5.750001430511475,"z":-1.239999771118164},"rotation":{"x":0.005849996116012335,"y":-0.9860723614692688,"z":0.035525012761354449,"w":0.16237357258796693},"size":4.001037120819092,"orthographic":false}