{"cameraMode":{"drawMode":0,"name":"Shaded","section":"Shading Mode"},"sceneLighting":false,"audioPlay":false,"sceneViewState":{"showFog":true,"showMaterialUpdate":false,"showSkybox":true,"showFlares":true,"showImageEffects":true,"showParticleSystems":true},"in2DMode":false,"pivot":{"x":-8.48296070098877,"y":0.44249337911605837,"z":-5.821784019470215},"rotation":{"x":0.08533276617527008,"y":0.8335241079330444,"z":-0.1344497799873352,"w":0.5290362238883972},"size":4.634618282318115,"orthographic":false}