{"cameraMode":{"drawMode":0,"name":"Shaded","section":"Shading Mode"},"sceneLighting":false,"audioPlay":false,"sceneViewState":{"showFog":true,"showMaterialUpdate":false,"showSkybox":true,"showFlares":true,"showImageEffects":true,"showParticleSystems":true},"in2DMode":false,"pivot":{"x":-18.18790054321289,"y":0.7422103881835938,"z":2.284501552581787},"rotation":{"x":0.05856989696621895,"y":0.7499756813049316,"z":-0.06701917201280594,"w":0.6554498076438904},"size":3.8054068088531496,"orthographic":false}